Thomas Jefferson A,304,170,118,86,61,32,26,7,77,34,27,8,1,1,0,3,19,8,7,0,4,0,0,0,1,0,0,0,5,1,0,0,0,0,0,0,0,0,0,0,0,0,0,0,0,0,0,0,0,0,0,0,0,0,0,0,0,0,0,0,0,0,0,0,0,0,0,0,0,0,0,0,0,0,0,0,0,0,0,0,0,0,0,0,0,0,0,0,0,0,0,0,0,0,0,0
Hunter A,185,174,127,96,64,39,23,16,92,44,31,14,9,9,3,0,23,16,11,3,4,3,3,0,2,0,0,0,5,0,2,0,1,0,0,0,0,0,0,0,0,0,0,0,0,0,0,0,1,0,0,0,0,0,0,0,0,0,0,0,0,0,0,0,0,0,0,0,0,0,0,0,0,0,0,0,0,0,0,0,0,0,0,0,0,0,0,0,0,0,0,0,0,0,0,0
DCC A,136,119,118,97,83,43,38,21,95,59,38,18,18,11,5,1,35,10,12,2,12,5,4,2,0,0,0,0,11,2,1,0,1,1,0,1,0,0,0,0,0,1,0,0,0,0,0,0,0,0,0,0,0,0,0,0,0,0,0,0,0,0,0,0,0,0,0,0,0,0,0,0,0,0,0,0,0,0,0,0,0,0,0,0,0,0,0,0,0,0,0,0,0,0,0,0
Stevenson A,118,128,125,109,79,47,27,31,85,48,31,30,11,8,4,2,30,20,19,8,6,2,5,3,2,0,0,0,8,2,1,0,5,1,1,0,1,0,0,0,0,0,0,0,0,0,0,0,3,0,0,0,0,0,0,0,0,0,0,0,0,0,0,0,0,0,0,0,0,0,0,0,0,0,0,0,0,0,0,0,0,0,0,0,0,0,0,0,0,0,0,0,0,0,0,0
James E. Taylor A,81,99,93,85,70,55,35,25,84,68,60,24,23,14,11,3,51,21,19,16,12,5,6,2,6,0,1,1,13,4,2,0,6,0,1,1,0,0,0,0,0,0,0,0,0,0,0,0,1,0,0,1,0,0,0,0,0,0,0,0,0,0,0,0,0,0,0,0,0,0,0,0,1,0,0,0,0,0,0,0,0,0,0,0,0,0,0,0,0,0,0,0,0,0,0,0
Canyon Crest A,37,52,61,47,65,59,61,38,71,65,65,44,30,38,18,10,34,38,23,20,28,6,11,7,6,0,5,1,23,6,6,3,4,2,1,0,0,0,0,0,0,0,0,0,0,0,0,0,3,4,3,0,2,0,0,0,0,0,0,0,1,0,0,0,0,0,0,0,0,0,0,0,2,0,0,0,0,0,0,0,0,0,0,0,0,0,0,0,0,0,0,0,0,0,0,0
Wayzata A,22,31,47,67,82,55,48,44,51,63,44,43,49,31,17,21,45,29,27,18,22,13,20,12,15,7,3,1,12,11,1,0,12,3,2,0,8,1,3,0,3,2,1,0,0,0,0,0,8,0,1,0,4,0,0,0,0,1,0,0,0,0,0,0,0,0,0,0,0,0,0,0,0,0,0,0,0,0,0,0,0,0,0,0,0,0,0,0,0,0,0,0,0,0,0,0
Chattahoochee A,28,32,47,50,51,54,56,31,49,65,54,44,50,38,29,16,52,33,32,18,27,18,17,9,13,3,6,6,22,8,3,1,11,3,2,0,2,1,0,0,2,0,0,0,1,0,0,0,5,7,1,0,1,0,0,0,2,0,0,0,0,0,0,0,0,0,0,0,0,0,0,0,0,0,0,0,0,0,0,0,0,0,0,0,0,0,0,0,0,0,0,0,0,0,0,0
Miami Valley A,21,37,35,47,58,69,49,39,56,65,57,53,47,30,20,18,48,29,39,19,23,26,13,6,6,3,7,0,17,10,10,1,8,3,4,1,3,1,1,1,1,0,0,0,0,0,0,0,7,5,0,0,5,1,0,0,0,1,0,0,0,0,0,0,0,0,0,0,0,0,0,0,0,0,0,0,0,0,0,0,0,0,0,0,0,0,0,0,0,0,0,0,0,0,0,0
Uni Lab A,15,36,44,47,70,67,58,41,53,50,61,46,44,39,31,19,39,24,50,29,20,6,17,12,6,5,2,0,17,6,1,1,9,4,3,1,6,0,1,0,4,2,0,0,0,0,0,0,6,2,0,0,2,0,0,0,0,0,0,0,0,0,0,0,0,1,0,0,0,1,0,0,0,1,1,0,0,0,0,0,0,0,0,0,0,0,0,0,0,0,0,0,0,0,0,0
Northview A,8,14,20,30,35,41,50,44,29,51,47,54,57,39,40,33,33,39,42,32,27,29,21,17,18,15,9,2,17,17,5,4,8,6,7,4,11,8,0,2,2,0,0,0,4,0,0,0,13,4,3,0,1,2,1,1,1,0,0,0,1,1,0,0,0,0,0,0,0,0,0,0,1,0,0,0,0,0,0,0,0,0,0,0,0,0,0,0,0,0,0,0,0,0,0,0
Beavercreek A,8,20,23,32,41,53,40,52,32,42,32,48,47,44,37,33,42,37,41,38,36,25,22,15,17,6,11,4,23,11,12,4,12,15,4,1,4,2,2,1,2,0,1,0,1,0,0,0,11,6,1,1,2,1,0,0,1,0,0,0,2,0,0,0,0,0,0,0,0,0,0,0,1,1,0,0,0,0,0,0,0,0,0,0,0,0,0,0,0,0,0,0,0,0,0,0
High Tech A,7,12,22,28,29,44,40,49,34,45,28,50,51,27,26,25,49,46,43,31,37,37,38,17,22,8,10,6,29,21,10,9,11,8,5,0,10,3,0,0,4,2,0,0,0,0,0,0,4,6,2,2,1,3,0,1,4,1,1,0,0,0,0,0,0,0,0,0,0,0,0,0,2,0,0,0,0,0,0,0,0,0,0,0,0,0,0,0,0,0,0,0,0,0,0,0
Lexington A,7,11,22,14,28,32,48,54,23,30,42,38,49,43,34,33,38,28,42,40,41,22,43,21,19,15,16,7,19,21,12,5,16,10,3,2,7,7,6,1,5,7,2,0,2,2,1,0,9,7,2,0,3,5,1,0,2,1,0,0,0,0,0,0,1,0,0,0,0,0,0,0,1,0,0,0,0,0,0,0,0,0,0,0,0,0,0,0,0,0,0,0,0,0,0,0
LASA A,4,16,20,22,23,34,38,41,28,35,41,53,37,36,33,30,32,37,41,33,31,33,34,16,29,14,20,6,29,22,9,7,17,7,4,4,11,4,1,1,5,1,1,0,5,0,0,0,22,7,4,2,7,0,2,0,4,0,1,0,3,0,0,0,0,0,0,0,0,0,0,0,2,1,0,0,0,0,0,0,0,0,0,0,0,0,0,0,0,0,0,0,0,0,0,0
Montgomery Blair A,2,7,16,15,28,39,40,46,24,33,42,53,43,51,42,28,42,33,34,33,41,42,24,30,26,7,12,4,26,17,12,4,12,10,6,0,11,6,4,0,6,0,3,0,1,0,0,0,14,5,9,0,3,2,2,1,4,1,1,0,0,0,0,0,0,0,0,0,0,0,0,0,1,0,1,0,0,1,0,0,0,0,0,0,0,0,0,0,0,0,0,0,0,0,0,0
Carnegie Vanguard A,3,10,17,24,30,32,37,39,16,29,31,50,46,47,40,27,36,47,49,29,36,24,19,24,26,10,15,6,28,14,20,8,22,14,6,6,12,7,2,2,7,5,2,1,2,0,2,0,12,4,3,1,5,3,0,0,0,0,0,0,1,2,0,0,1,0,1,0,0,0,0,0,6,0,0,0,0,0,0,0,0,0,0,0,1,0,0,0,1,0,0,0,0,0,0,0
Ithaca A,4,10,7,18,9,31,31,34,16,37,41,37,39,45,43,29,30,40,30,35,39,24,39,26,19,18,16,8,28,29,19,4,17,18,8,5,20,14,6,2,10,5,1,0,5,1,1,0,23,9,6,1,4,1,0,2,1,0,1,0,0,1,0,0,0,0,0,1,0,0,0,0,1,1,0,0,0,0,0,0,0,0,0,0,0,0,0,0,0,0,0,0,0,0,0,0
St. Johns A,0,4,7,16,11,20,26,38,16,27,30,29,40,43,42,25,31,39,32,35,37,31,37,22,26,27,20,9,41,26,17,8,35,21,9,7,19,9,5,3,12,5,2,0,0,1,0,0,21,8,3,0,13,1,1,0,3,0,1,0,1,1,0,0,0,0,0,0,0,0,0,0,3,2,1,0,1,0,0,0,0,0,0,0,0,0,0,0,0,0,0,0,0,0,0,0
Stanford Online A,5,6,5,14,18,19,39,20,17,17,27,31,25,45,32,19,29,35,37,26,30,40,37,35,38,24,21,11,29,25,17,13,22,19,13,7,16,18,12,2,8,6,2,0,5,1,4,0,24,7,10,3,10,3,1,2,6,1,1,0,2,1,0,0,1,0,0,0,0,0,0,0,6,1,0,0,0,0,0,0,0,0,0,0,0,0,0,0,0,0,0,0,0,0,0,0
Strake Jesuit A,0,1,5,7,12,22,21,21,4,11,26,34,20,40,40,30,34,26,35,35,24,41,22,29,40,21,33,17,43,33,21,18,26,16,15,10,20,18,4,3,12,10,8,1,8,5,0,0,14,9,5,1,9,4,5,1,2,0,0,1,3,1,0,2,1,1,0,0,0,0,0,0,10,5,0,1,2,0,0,0,1,0,0,0,0,0,0,0,0,0,0,0,0,0,0,0
Montgomery Blair B,0,2,4,5,10,10,28,19,4,8,10,18,32,27,36,35,17,31,32,43,23,32,37,35,35,26,26,12,32,34,23,19,46,20,17,11,20,18,9,7,14,15,6,7,7,2,0,1,23,10,11,5,16,4,3,0,6,0,1,1,2,2,1,1,1,0,0,0,1,0,0,0,2,1,0,1,1,0,1,0,0,1,0,0,0,0,0,0,0,0,0,0,0,0,0,0
IMSA A,2,2,2,12,4,11,11,20,4,8,14,18,20,27,27,33,32,27,29,49,32,33,46,31,39,25,24,10,36,41,28,21,35,24,18,10,35,15,6,5,13,12,3,4,4,2,4,1,18,20,6,3,7,4,6,0,2,4,3,1,0,0,1,0,2,0,0,0,0,0,0,0,5,1,1,1,4,1,0,0,0,0,0,0,0,0,0,0,0,0,0,0,1,0,0,0
Saratoga A,1,1,3,6,5,18,17,25,9,11,10,26,28,27,34,34,19,32,26,30,43,39,31,33,28,35,22,16,37,40,26,20,28,25,21,15,29,15,9,6,21,10,8,3,12,3,2,1,16,7,2,4,11,5,1,0,1,1,3,1,2,0,0,0,1,0,0,0,1,0,0,0,3,1,0,0,0,0,0,0,0,0,0,0,0,0,0,0,0,0,0,0,0,0,0,0
Auburn A,0,0,3,3,4,9,13,26,5,7,12,21,25,19,33,31,20,25,23,35,36,38,36,32,35,19,25,25,42,34,31,27,33,16,23,18,29,18,14,6,24,14,8,5,8,3,3,2,12,8,11,3,12,7,3,1,4,1,3,0,2,2,0,0,2,0,0,0,1,0,1,0,6,0,1,0,0,0,0,0,0,1,0,0,0,0,1,0,0,0,0,0,0,0,0,0
Thomas Jefferson B,0,2,3,6,4,6,11,17,4,6,19,25,18,19,31,38,20,31,26,32,31,37,33,34,28,22,26,21,37,37,31,19,35,35,23,10,26,16,12,7,23,10,6,4,5,10,1,0,19,10,10,4,12,11,3,1,4,2,4,0,0,1,0,1,1,1,0,0,1,0,0,0,8,4,0,2,3,1,0,0,0,0,0,0,0,0,0,0,0,0,0,0,0,0,0,0
Vestavia Hills A,1,0,2,5,5,9,10,26,4,9,16,15,19,27,27,26,28,28,27,34,25,34,32,25,32,30,42,17,26,36,32,16,34,24,21,13,23,17,16,10,15,13,7,5,12,5,1,0,23,23,10,7,11,5,4,1,5,2,1,1,2,2,1,0,2,1,2,1,1,0,0,0,5,1,0,0,7,0,0,0,1,0,0,0,0,0,0,0,0,0,0,0,0,0,0,0
Ladue A,1,1,0,1,5,4,17,24,8,6,18,18,21,23,34,30,20,23,29,30,27,26,30,25,22,24,28,21,34,41,33,21,29,24,24,6,34,24,14,7,18,10,11,6,10,6,4,2,20,17,8,7,18,9,4,2,3,3,2,2,2,4,2,1,3,1,1,1,2,1,0,0,5,4,0,0,2,1,0,0,0,0,0,0,0,1,0,0,0,0,0,0,0,0,0,0
Buchholz A,0,0,1,2,4,9,4,14,0,6,16,6,17,25,26,18,16,20,20,25,28,36,30,23,37,19,24,27,31,30,27,24,40,32,20,14,35,27,24,11,22,15,8,6,17,5,1,2,30,12,12,11,14,7,11,4,10,4,4,1,4,4,1,0,5,1,1,0,1,0,0,0,9,2,2,1,0,0,1,0,0,2,0,0,0,0,0,0,1,0,0,0,1,0,0,0
Troy A,0,0,1,5,5,13,17,14,3,8,8,9,11,13,24,21,18,26,26,27,33,21,28,42,25,31,20,15,31,36,33,30,40,25,27,14,24,16,16,7,22,17,8,8,14,9,8,4,17,24,13,7,12,9,7,2,9,6,5,1,6,2,1,0,4,2,0,0,3,0,0,0,2,1,2,1,4,1,0,0,0,2,0,0,1,1,0,0,1,0,0,0,1,0,0,0
Wilmington Charter A,0,1,0,1,3,6,10,12,2,6,3,7,10,15,23,28,7,24,11,21,29,31,31,32,27,24,30,27,30,32,38,31,36,26,21,18,24,25,17,14,23,19,17,4,14,10,8,2,25,13,17,10,16,10,7,2,10,7,3,2,4,7,1,3,6,2,1,0,1,0,0,0,3,3,2,0,8,2,0,1,3,0,0,0,0,0,0,1,0,0,0,0,0,0,0,0
GNS A,0,0,0,2,2,4,6,8,1,1,6,10,12,11,21,21,1,11,6,13,21,26,20,28,27,34,25,19,23,28,30,33,34,29,28,31,29,22,19,14,26,28,14,10,22,14,7,6,25,15,13,8,18,12,7,5,13,7,5,2,11,7,8,2,4,2,2,1,2,1,1,0,11,9,9,1,6,3,0,0,2,4,0,0,0,0,0,0,0,0,0,0,1,0,0,0
Dorman A,0,0,1,0,0,5,4,10,2,1,2,7,9,8,9,27,3,11,6,18,23,16,22,25,24,29,27,25,18,33,36,21,27,25,31,24,29,26,30,26,22,22,26,6,17,6,16,2,30,18,18,17,14,13,9,6,15,6,9,2,7,5,7,4,6,2,1,2,1,1,1,0,10,6,5,1,8,1,4,1,2,1,2,1,3,0,1,0,1,0,1,0,1,0,0,0
Solon A,0,0,0,0,1,0,2,6,1,0,3,0,5,8,15,13,1,4,6,17,14,11,16,15,25,25,27,23,14,17,30,32,28,26,35,25,33,29,28,31,26,20,32,12,22,19,10,7,30,20,18,9,17,15,7,4,19,13,11,9,9,7,5,4,9,3,5,2,6,2,0,0,7,9,6,5,9,3,2,1,4,2,2,1,4,2,0,0,2,1,1,0,1,0,0,0
Henderson County A,0,1,0,0,0,4,2,6,0,0,1,2,4,9,11,18,2,7,10,17,13,16,12,24,25,38,32,25,13,23,24,38,22,26,26,24,31,26,20,24,32,21,19,19,11,20,14,6,18,15,21,12,23,18,11,6,18,12,3,3,13,4,3,4,11,3,4,1,7,1,2,2,13,9,6,6,5,3,2,3,7,2,1,1,3,2,0,0,3,1,0,0,0,0,0,0
Millburn A,0,1,1,0,0,1,4,7,0,1,1,1,4,6,10,18,3,6,8,13,11,16,17,23,16,24,20,36,16,19,30,31,22,28,32,16,17,42,23,20,29,17,22,17,20,14,12,7,29,21,11,13,29,21,11,8,19,13,14,2,16,9,6,1,11,4,1,1,5,2,3,1,20,12,5,3,4,4,1,2,6,4,0,0,2,1,1,0,0,1,0,0,0,1,0,0
St. Marks A,0,0,0,0,0,1,0,6,0,1,1,3,5,7,9,21,3,2,5,8,8,14,14,22,11,31,20,28,12,17,32,21,17,32,30,24,29,29,34,31,29,21,25,16,17,14,15,6,17,21,17,19,27,12,14,9,21,11,10,8,21,9,5,1,10,5,5,1,6,5,0,2,14,9,9,4,11,3,5,0,3,2,1,3,5,2,1,0,1,0,0,0,0,0,0,0
Allderdice A,0,0,0,0,0,0,3,6,0,1,0,2,2,15,7,12,3,9,6,7,10,10,9,28,15,26,13,19,8,7,27,24,17,33,27,20,24,28,28,14,25,25,26,11,24,24,22,12,18,26,21,19,26,27,20,10,16,16,12,6,16,8,8,2,9,8,4,2,5,3,1,0,19,13,6,3,9,7,3,4,4,5,1,0,4,0,1,0,3,1,0,0,3,0,2,0
Colleyville Heritage A,0,0,0,0,0,1,3,2,1,1,1,1,1,6,9,14,4,6,7,14,5,7,17,20,16,24,20,23,13,13,28,23,17,24,34,23,24,23,28,25,27,17,31,16,24,22,14,8,25,22,21,15,21,19,18,10,22,9,8,11,17,9,14,7,8,4,3,3,10,5,2,2,16,7,10,6,4,9,3,2,4,3,1,1,2,2,2,1,4,0,1,0,0,0,0,0
North Gwinnett A,0,0,0,0,1,0,2,0,0,0,0,0,4,4,4,15,3,5,1,6,8,11,14,15,19,17,14,19,13,18,17,23,14,36,33,20,21,27,19,32,28,28,14,12,21,19,13,10,35,25,22,12,20,22,30,11,22,11,13,8,18,10,16,7,12,12,10,4,2,6,3,2,16,13,6,6,5,8,2,3,9,4,4,1,3,1,0,0,3,0,0,2,0,1,0,0
Plano West A,0,0,0,0,0,0,1,1,0,0,0,2,8,1,7,10,2,4,3,7,5,9,14,12,17,22,28,17,8,17,21,31,17,23,24,30,20,26,24,20,24,23,20,25,23,20,14,11,20,20,22,20,26,21,18,9,21,20,20,4,18,13,11,4,12,6,9,3,11,7,2,2,19,11,11,8,10,4,1,3,9,3,1,0,5,0,2,0,0,2,0,0,1,0,0,0
Walton A,0,0,0,0,0,0,1,3,0,0,0,3,1,4,4,17,1,3,2,2,1,8,7,11,10,23,33,26,12,7,19,28,16,18,28,33,19,26,22,17,32,18,22,19,23,29,16,18,30,13,32,23,20,23,12,18,23,11,18,8,10,16,6,7,12,14,6,3,4,1,3,0,16,9,7,8,9,6,10,4,4,4,3,1,4,2,2,3,4,0,3,0,3,3,0,0
Early College at Guilford A,0,0,0,0,0,0,1,1,0,0,1,2,2,2,8,9,1,6,4,9,2,9,8,13,10,25,15,18,4,19,15,24,10,21,19,24,26,22,24,23,27,21,15,14,27,24,18,13,20,18,22,20,26,24,20,15,20,12,13,6,21,16,6,12,15,9,8,8,14,2,6,3,19,18,12,9,19,8,4,5,6,2,3,1,7,0,3,2,2,1,1,0,4,1,1,0
Cistercian A,0,0,0,0,0,2,2,2,0,0,1,0,1,0,8,11,0,5,2,6,5,11,7,17,12,19,15,23,10,12,17,36,13,18,20,17,16,16,23,20,27,15,16,18,23,19,18,8,15,29,27,21,26,21,17,17,25,29,11,13,18,15,15,6,22,8,5,4,13,7,5,1,25,8,8,8,14,7,3,4,11,2,3,4,9,2,3,0,2,0,1,1,3,0,1,0
Parish Episcopal A,0,0,0,1,0,0,0,2,0,0,0,0,0,0,3,7,0,3,3,6,2,7,7,13,10,15,19,23,8,8,14,29,12,29,23,19,22,20,37,24,15,20,25,23,17,28,16,13,15,37,20,24,26,19,21,19,32,17,15,6,13,15,12,7,21,13,5,4,8,7,6,4,17,14,12,7,13,4,2,5,8,4,1,1,4,6,1,2,0,4,0,1,2,2,1,0
High Tech B,0,0,0,0,0,0,0,4,0,0,1,1,2,2,1,10,1,3,0,1,3,12,3,11,8,17,14,15,3,10,18,24,14,15,15,23,10,22,26,21,18,29,23,23,23,19,22,15,13,21,21,25,17,20,16,17,18,21,19,12,20,19,19,8,18,18,11,3,17,12,5,8,23,13,10,6,13,11,3,6,7,6,4,5,4,4,5,3,6,0,1,1,4,3,1,1
Midtown Classical A,0,0,0,0,0,0,0,0,0,0,0,0,1,2,4,10,0,5,1,2,3,4,5,6,4,15,17,9,10,8,15,17,13,14,23,22,20,20,16,21,28,25,22,23,18,21,30,17,19,22,22,22,13,24,20,21,27,28,20,11,24,27,11,9,14,17,11,6,18,6,6,3,12,13,8,10,11,11,8,6,9,8,4,0,8,3,4,2,5,1,0,1,2,2,0,0
Greens Farms A,0,0,0,0,0,0,0,0,0,1,0,1,0,2,1,8,0,0,1,2,2,7,4,7,10,18,12,22,8,11,8,25,7,16,20,29,21,19,25,25,14,40,31,25,39,25,29,25,8,13,26,11,24,21,22,17,18,20,17,12,16,18,7,10,17,15,9,4,9,6,7,3,8,16,12,10,10,9,6,5,4,6,6,5,3,3,5,3,3,7,1,1,0,3,2,2
Barrington A,0,0,0,0,0,0,0,0,0,0,0,0,0,0,0,0,0,0,0,0,0,0,0,1,0,1,2,5,0,2,2,1,0,2,3,8,0,10,5,13,2,11,10,25,11,27,17,34,2,4,10,15,9,8,16,28,9,17,27,35,13,23,31,48,31,36,51,47,39,54,62,54,15,22,31,38,31,35,41,58,36,41,57,46,46,54,44,46,65,63,58,63,57,65,56,71
Glasgow A,0,0,0,0,0,0,0,0,0,0,0,0,0,1,1,6,0,0,1,3,1,7,2,3,3,8,9,14,2,6,11,12,8,10,16,16,10,21,20,14,15,22,20,20,27,17,21,28,15,23,24,22,27,20,20,14,21,14,14,19,21,17,15,13,19,16,11,14,31,11,11,5,23,16,21,12,19,10,10,8,10,6,11,7,18,8,4,3,5,3,3,3,4,1,2,1
Arcadia A,0,0,0,0,0,0,0,1,0,0,1,0,0,0,4,5,0,1,0,1,1,2,4,8,4,7,15,15,3,4,13,16,6,12,12,17,12,14,22,19,19,21,17,21,20,24,19,23,11,18,31,18,18,26,18,28,12,25,23,12,21,24,18,15,22,21,10,9,13,12,10,5,19,24,10,11,16,13,11,7,13,3,15,5,9,8,4,6,5,6,2,1,3,1,2,3
Phillips Academy A,0,0,0,0,0,0,0,2,0,0,0,0,0,0,1,2,0,1,0,3,7,3,4,6,6,8,5,17,0,2,9,13,4,10,15,14,18,10,16,20,16,20,23,22,24,23,15,24,19,23,20,26,19,23,19,16,27,29,18,17,30,15,15,7,31,18,11,9,8,11,8,12,23,12,13,13,13,18,13,6,13,15,8,4,8,9,3,2,9,8,3,1,6,4,1,1
GPS A,0,0,0,0,0,0,0,0,0,0,0,0,1,1,2,1,1,1,0,0,1,3,3,6,10,7,13,9,2,9,8,18,3,9,15,24,12,20,18,20,15,20,24,22,19,12,16,14,7,20,17,19,16,25,22,30,19,27,15,13,25,19,27,14,17,24,14,16,22,17,12,2,20,17,9,6,20,12,6,8,17,10,11,4,13,5,10,5,6,5,5,3,6,1,1,2
McLean A,0,0,0,0,0,0,0,2,0,0,0,0,0,1,3,2,0,0,2,3,2,3,0,4,7,8,9,15,0,6,4,11,9,7,18,21,9,11,16,20,12,18,14,20,19,14,28,11,12,15,16,29,21,22,22,23,17,26,18,18,29,24,17,19,15,14,18,10,24,14,11,8,12,17,19,16,18,17,7,5,21,9,5,7,14,12,4,7,11,5,4,6,3,4,4,2
Harker A,0,0,0,0,0,0,0,0,0,0,0,0,0,0,2,6,2,0,1,2,2,7,1,2,3,8,6,10,2,8,5,5,4,10,5,20,10,14,12,19,11,18,11,24,15,18,15,14,10,13,20,25,15,19,30,30,23,26,18,18,28,29,17,16,21,26,15,15,16,14,13,6,15,20,14,11,17,14,12,12,22,11,9,3,10,11,12,3,10,9,4,9,10,4,3,0
Altamont A,0,0,0,0,0,0,0,0,0,0,0,0,1,0,3,2,0,0,1,2,1,0,4,4,5,5,4,16,1,4,10,12,6,7,11,16,15,11,11,17,15,13,16,19,17,19,20,13,8,22,17,19,14,19,17,18,29,20,29,24,23,18,22,18,16,26,21,20,24,20,17,15,14,14,14,11,10,19,12,10,14,15,5,11,10,11,4,2,13,8,7,4,6,4,5,0
Fremd A,0,0,0,0,0,0,0,0,0,0,0,0,0,1,1,4,0,1,0,2,1,2,3,10,3,8,9,16,4,3,9,7,3,6,12,15,10,19,15,19,10,13,24,13,22,21,24,18,15,25,9,25,16,24,19,28,15,25,19,13,20,15,20,19,17,13,20,17,22,19,10,8,17,14,14,13,12,16,16,7,10,20,14,7,9,14,7,4,11,6,7,6,6,5,2,2
Singapore American A,0,0,0,0,0,0,0,0,0,0,0,0,0,1,2,5,0,0,0,0,0,2,3,3,4,7,8,12,0,6,8,13,3,9,7,14,7,10,23,19,12,14,9,18,19,17,24,8,8,17,19,23,24,27,18,15,22,20,16,14,32,26,19,17,26,19,18,15,14,20,12,16,30,25,19,7,14,15,17,14,11,11,5,10,18,5,6,3,7,9,8,3,10,3,2,4
Mission San Jose A,0,0,0,0,0,0,0,0,0,0,0,0,0,2,4,3,0,1,4,2,0,1,1,6,4,7,9,15,1,5,7,7,8,7,10,12,7,8,14,18,14,15,20,23,17,19,16,16,8,22,17,18,14,15,27,34,15,17,21,17,21,28,22,19,18,23,11,13,19,20,10,7,29,16,22,11,16,25,13,9,23,10,8,8,7,11,8,5,10,4,4,7,5,3,7,0
Thomas Jefferson C,0,0,0,0,0,0,0,1,0,0,0,1,0,2,0,3,0,0,2,2,0,4,2,3,3,6,8,15,1,4,2,4,2,13,3,15,6,8,17,24,16,12,17,19,12,15,18,14,9,13,15,19,18,20,21,22,21,33,25,19,22,18,20,25,17,25,24,7,17,17,12,14,17,20,16,21,16,20,12,7,15,14,10,4,13,11,11,7,7,10,10,9,7,8,4,4
Davis A,0,0,0,0,0,0,0,0,0,0,0,0,0,1,0,1,0,0,0,1,1,0,0,5,5,8,8,11,2,2,5,6,0,6,8,20,5,12,13,19,17,14,21,19,10,20,16,17,9,12,15,16,14,14,23,18,22,26,28,17,21,19,29,17,22,16,18,15,19,15,17,11,19,18,28,24,15,18,20,11,13,6,12,13,17,15,10,6,9,9,8,5,8,7,2,1
Boston Latin A,0,0,0,0,0,0,0,0,0,0,0,0,0,0,0,0,0,1,0,1,1,1,0,5,4,6,3,10,1,6,3,9,5,4,5,12,3,5,20,11,9,15,16,20,14,19,19,21,7,9,12,25,20,14,18,17,23,11,10,28,21,17,26,13,15,21,27,21,16,18,9,10,23,16,20,18,15,16,19,5,17,12,17,10,22,16,13,8,15,12,12,5,16,19,10,7
Langley A,0,0,0,0,0,0,0,0,0,0,0,0,0,1,0,4,0,0,1,0,0,2,0,7,1,3,4,12,1,2,6,12,2,4,6,8,8,9,12,14,7,14,14,24,24,19,26,17,11,8,18,14,10,13,17,22,19,26,24,13,20,20,24,27,21,23,13,14,26,19,9,12,16,21,16,19,9,15,16,20,16,23,10,13,20,14,7,10,18,11,8,6,9,3,8,5
Dunbar A,0,0,0,0,0,0,0,0,0,0,0,0,0,0,0,4,0,0,0,1,0,0,2,3,3,8,8,11,0,1,2,12,2,3,15,12,6,4,4,24,8,18,15,16,7,13,16,19,3,14,21,15,9,17,21,12,20,18,18,14,18,22,9,30,23,22,26,11,16,23,21,18,14,22,15,16,27,16,12,12,19,10,16,15,19,7,16,19,10,16,15,6,10,12,13,5
Penn Manor A,0,0,0,0,0,0,0,0,0,0,0,0,0,0,1,1,0,1,1,1,0,0,0,0,2,3,2,11,0,0,3,4,5,7,4,12,3,7,16,15,7,6,21,16,13,17,21,26,6,9,15,12,12,18,15,18,13,23,24,21,19,24,24,23,20,20,19,12,22,17,17,14,15,18,17,21,20,15,18,20,23,11,17,16,19,14,13,15,19,12,13,9,12,6,6,8
BASIS McLean A,0,0,0,0,0,0,0,0,0,0,0,0,0,0,0,2,0,0,0,0,0,2,1,3,3,3,4,11,0,2,5,6,3,3,12,14,2,4,10,7,8,12,19,12,11,10,21,24,11,12,13,20,9,12,14,19,17,17,18,24,23,18,19,23,24,20,22,13,16,23,25,20,16,23,21,20,21,24,18,12,21,12,19,10,13,13,12,9,19,18,11,10,9,8,9,6
Westview A,0,0,0,0,0,0,0,0,0,0,0,0,0,0,0,2,0,0,0,1,0,0,2,1,3,3,4,8,1,2,5,7,3,4,2,11,5,5,12,10,4,13,7,16,18,17,12,18,5,12,20,16,9,18,19,17,16,33,18,18,19,21,28,14,18,23,17,22,15,20,22,20,13,15,14,20,20,18,19,15,19,20,22,9,16,22,12,9,22,17,9,8,15,5,15,10
St. Joseph A,0,0,0,0,0,0,0,1,0,0,0,0,0,0,0,0,0,0,0,0,0,1,0,3,4,2,5,10,0,2,4,4,1,6,4,10,2,10,8,8,3,15,20,16,16,15,11,14,3,3,9,24,9,12,21,17,10,18,18,24,18,26,16,16,11,16,36,13,21,13,16,23,15,23,20,22,20,21,20,19,22,26,19,9,26,14,12,21,7,19,8,14,12,19,11,13
Eastside A,0,0,0,0,0,0,0,0,0,0,0,0,0,1,0,1,0,0,0,0,0,0,0,0,3,3,2,7,2,1,0,5,3,1,3,11,2,3,4,15,3,8,11,6,13,15,13,16,4,8,10,13,12,12,19,20,16,14,24,23,15,20,23,19,22,18,24,17,16,30,23,19,12,14,15,22,29,23,22,18,24,21,20,13,22,19,14,12,14,19,19,14,21,15,13,12
Raleigh Charter A,0,0,0,0,0,0,0,0,0,0,0,0,0,0,0,1,0,0,0,0,0,1,1,0,0,3,6,9,0,1,2,1,1,4,4,9,1,7,8,8,7,8,11,15,10,18,18,20,5,8,8,17,11,14,17,21,10,14,22,21,13,18,19,18,20,22,19,11,24,28,19,15,20,15,16,16,15,13,22,13,17,32,21,11,20,18,30,20,20,19,18,14,20,23,13,6
Langley B,0,0,0,0,0,0,0,0,0,0,0,0,0,0,1,0,0,0,0,1,0,1,1,2,1,2,4,3,0,1,2,2,1,1,5,9,2,6,6,11,7,6,18,16,5,17,12,19,7,6,12,14,3,13,11,20,13,16,14,32,21,19,13,23,18,22,23,30,15,23,25,22,14,17,26,18,19,26,20,6,22,11,13,28,16,18,24,15,20,19,11,15,21,20,15,9
Olympian A,0,0,0,0,0,0,0,0,0,0,0,0,0,0,0,0,0,0,0,0,0,2,1,3,0,3,4,10,0,2,1,3,2,1,7,7,2,3,9,18,6,11,11,21,16,18,24,29,3,6,8,19,6,12,9,21,14,4,19,22,17,22,14,22,24,18,31,33,20,26,29,28,6,14,19,18,11,12,25,21,14,15,10,10,22,15,19,12,16,24,9,12,15,14,14,12
Greenhill A,0,0,0,0,0,0,0,0,0,0,0,0,0,0,0,1,0,0,0,0,0,0,1,1,1,2,2,8,0,1,4,2,0,3,1,8,2,3,8,17,8,6,15,15,11,19,18,23,2,4,9,20,7,12,18,15,8,18,21,19,17,21,21,24,19,20,26,27,13,14,26,27,17,12,23,19,18,22,17,17,16,21,18,17,21,24,17,14,15,20,15,13,15,12,14,15
Kellenberg A,0,0,0,0,0,0,0,1,0,0,0,0,0,0,0,1,0,0,0,0,0,0,0,0,2,2,6,7,0,0,0,2,0,2,1,6,0,5,7,12,3,6,8,12,11,13,15,18,1,5,9,15,10,9,12,18,16,14,20,16,16,12,25,28,12,27,13,26,22,18,19,17,17,10,18,15,17,23,19,19,20,15,25,23,24,27,27,26,26,20,18,20,22,17,15,17
St. Thomas A,0,0,0,0,0,0,0,0,0,0,0,0,0,0,0,0,0,0,0,0,0,1,1,0,2,3,3,2,0,3,0,7,0,2,4,6,1,5,3,5,3,6,7,11,2,13,10,28,1,7,5,15,9,8,10,12,8,11,20,26,16,18,27,21,20,23,19,20,26,28,22,17,12,18,18,19,22,23,25,16,18,27,15,21,23,29,21,22,30,16,18,25,17,16,14,18
Manheim Township A,0,0,0,0,0,0,0,0,0,0,0,0,0,0,0,0,0,0,0,0,1,1,0,0,0,3,0,6,1,0,1,3,0,1,5,7,4,2,4,6,5,6,5,13,6,11,9,18,1,7,9,14,4,15,19,13,12,20,15,16,11,14,19,17,17,22,28,27,21,22,21,22,14,18,21,17,14,22,30,30,19,21,28,35,24,27,16,25,12,14,20,18,23,11,19,18
Johns Creek A,0,0,0,0,0,0,0,0,0,0,0,0,0,0,0,0,0,0,0,0,0,0,0,0,0,2,3,5,0,0,0,2,0,2,8,5,3,5,4,4,3,6,9,17,5,10,15,13,3,7,9,8,6,8,15,14,8,12,13,28,12,12,24,25,17,17,15,27,12,22,24,24,11,18,30,21,26,33,18,22,19,28,15,21,19,29,13,17,27,27,21,14,28,17,25,18
George Washington A,0,0,0,0,0,0,0,0,0,0,0,0,0,0,0,0,0,0,0,0,0,1,0,0,1,2,0,8,0,0,0,2,1,1,1,3,0,2,0,9,4,7,4,17,3,8,12,18,0,4,12,14,10,7,6,15,6,14,8,27,10,17,18,22,14,23,16,22,21,20,28,21,14,14,12,27,21,28,32,39,24,28,26,20,22,22,37,22,18,22,18,16,27,19,14,19
Virgil A,0,0,0,0,0,0,0,0,0,0,0,0,0,0,1,1,0,0,1,0,0,0,0,0,1,3,0,4,1,1,0,1,1,3,2,3,0,4,11,8,0,5,10,11,4,10,5,9,2,8,6,7,4,6,9,17,6,19,13,25,12,14,15,21,13,15,18,28,27,17,21,18,18,24,24,20,20,20,30,34,28,40,9,25,17,22,27,21,26,20,34,19,25,19,20,17
Bellarmine A,0,0,0,0,0,0,0,0,0,0,0,0,0,0,0,1,0,0,0,0,0,0,0,0,1,2,2,4,0,0,0,0,0,1,0,5,0,3,2,9,2,6,9,16,6,8,13,13,3,3,7,7,3,9,13,20,7,13,8,22,4,13,14,18,10,14,17,21,17,27,24,23,16,16,26,22,20,26,18,23,28,28,27,29,27,24,21,27,29,30,28,30,27,22,16,20
Strake Jesuit B,0,0,0,0,0,0,0,0,0,0,0,0,0,0,0,0,0,0,0,0,0,0,0,0,0,1,1,4,0,0,1,2,0,2,4,7,0,3,5,3,4,6,6,9,12,8,7,9,3,5,3,8,9,7,8,11,6,6,8,15,10,12,14,20,17,21,24,37,14,21,26,31,10,15,22,21,17,23,29,33,23,26,24,29,32,20,26,23,24,26,34,16,15,25,35,22
Wheeler A,0,0,0,0,0,0,0,0,0,0,0,0,0,0,0,1,0,0,0,0,0,0,0,2,4,3,0,2,0,0,1,2,0,1,2,6,1,3,3,7,2,4,9,7,3,7,14,17,3,5,1,5,6,10,13,9,2,9,10,18,5,20,25,18,12,18,21,21,16,16,14,22,10,17,17,19,18,21,24,32,27,23,25,40,27,31,34,30,29,22,30,22,25,24,32,21
Cave Spring A,0,0,0,0,0,0,0,0,0,0,0,0,0,0,0,0,0,1,0,0,0,0,0,0,0,4,0,8,0,0,0,2,0,2,1,6,1,3,6,6,1,3,6,7,4,1,14,22,1,3,4,8,6,10,19,18,8,7,19,19,6,8,11,24,14,14,24,26,25,16,17,16,12,13,20,22,15,19,33,25,21,24,32,19,17,23,32,33,25,31,38,30,18,31,21,25
Lambert A,0,0,0,0,0,0,0,0,0,0,0,0,0,0,0,0,0,0,1,0,0,0,0,0,0,1,1,2,0,0,1,2,0,1,2,4,0,6,2,6,1,7,5,9,7,7,11,10,1,2,5,10,1,5,12,9,6,9,15,18,9,12,15,20,15,11,15,26,21,15,25,27,10,17,12,18,18,16,25,21,22,19,36,35,22,27,34,37,27,29,34,37,27,23,34,30
Barrington A,0,0,0,0,0,0,0,0,0,0,0,0,0,0,0,0,0,0,0,0,0,0,0,1,0,1,2,5,0,2,2,1,0,2,3,8,0,10,5,13,2,11,10,25,11,27,17,34,2,4,10,15,9,8,16,28,9,17,27,35,13,23,31,48,31,36,51,47,39,54,62,54,15,22,31,38,31,35,41,58,36,41,57,46,46,54,44,46,65,63,58,63,57,65,56,71
Belmont A,0,0,0,0,0,0,0,0,0,0,0,0,0,0,0,0,0,0,0,0,1,0,0,0,0,0,0,3,0,0,0,0,0,1,1,2,0,1,5,6,1,4,1,3,5,7,5,18,2,3,9,8,1,6,6,13,3,6,12,17,4,3,11,20,18,14,19,13,17,25,21,25,8,18,19,24,19,16,23,28,30,35,32,23,27,24,31,26,27,33,35,44,28,37,32,41
Clements A,0,0,0,0,0,0,0,0,0,0,0,0,0,0,0,0,0,0,0,0,0,0,0,1,0,1,1,0,1,0,0,0,0,1,1,2,0,1,2,3,1,2,4,7,4,5,11,18,0,1,3,7,0,7,9,10,9,3,10,16,3,8,14,16,13,12,14,14,18,14,21,26,8,21,18,24,14,17,20,26,11,10,28,35,29,26,36,42,22,35,34,37,38,54,39,62
Livingston A,0,0,0,0,0,0,0,0,0,0,0,0,0,0,0,0,0,0,0,0,0,0,0,0,1,0,0,1,0,0,0,2,2,1,0,1,0,1,3,0,1,4,5,10,7,5,10,14,0,3,4,2,1,4,4,8,1,3,13,11,6,9,8,17,8,10,15,26,7,14,18,30,2,12,12,31,13,19,20,29,27,25,28,30,13,26,36,39,33,24,36,57,47,47,51,53
Hanover A,0,0,0,0,0,0,0,0,0,0,0,0,0,0,0,0,0,0,0,0,0,0,0,0,1,0,0,1,0,0,1,0,0,2,0,1,0,1,3,3,3,2,4,6,5,9,3,8,2,2,4,3,1,7,4,9,5,7,12,18,2,9,12,14,6,9,4,26,17,24,29,25,7,18,24,23,9,20,22,34,16,18,34,29,18,26,44,42,20,40,32,44,46,37,50,43
Westview B,0,0,0,0,0,0,0,0,0,0,0,0,0,0,0,0,0,0,0,0,0,0,0,0,0,1,0,1,0,0,0,0,1,0,0,3,0,1,0,4,1,1,1,5,4,5,10,10,0,1,4,8,3,3,4,9,3,6,9,18,7,13,10,16,7,11,20,17,9,10,22,30,7,13,16,28,13,10,23,40,12,18,28,36,24,30,37,38,25,29,41,51,43,52,47,51
Oak Ridge A,0,0,0,0,0,0,0,0,0,0,0,0,0,0,0,0,0,0,0,0,0,0,0,0,0,1,0,1,0,0,0,0,0,0,1,0,0,0,4,8,1,2,1,6,2,5,11,14,0,5,2,2,1,2,7,6,13,5,5,13,5,6,9,15,5,8,16,20,10,23,23,30,6,14,13,18,24,21,22,26,17,29,29,39,17,24,32,40,36,37,36,49,30,48,41,64
DCC B,0,0,0,0,0,0,0,0,0,0,0,0,0,0,0,0,0,0,0,0,0,0,0,0,0,0,2,2,0,0,0,1,0,0,2,3,0,0,1,3,0,0,3,6,5,3,6,15,0,0,3,2,1,7,4,8,4,4,7,15,4,8,7,13,6,13,13,22,11,17,26,30,4,9,16,18,12,18,20,24,19,45,30,31,28,36,30,45,38,24,44,51,34,38,56,53
Bellarmine B,0,0,0,0,0,0,0,0,0,0,0,0,0,0,1,0,0,0,0,0,0,0,0,0,0,0,0,0,0,0,1,1,0,1,2,4,0,0,1,3,0,1,3,6,2,6,7,12,1,3,3,0,2,2,7,8,2,3,7,9,8,6,10,9,6,14,17,19,10,19,19,37,8,11,13,19,18,13,23,27,19,28,29,41,22,35,33,45,30,42,43,48,32,49,51,49
NCSSM A,0,0,0,0,0,0,0,0,0,0,0,0,0,0,0,0,0,0,0,0,0,0,1,1,0,2,0,3,0,0,0,0,0,0,1,0,0,1,3,3,2,1,2,1,3,3,8,12,0,1,2,5,1,3,4,9,3,5,5,6,5,12,16,9,8,8,15,21,13,10,28,37,7,17,17,19,16,18,20,25,21,20,25,43,32,34,26,42,36,47,35,39,34,37,55,62
Sandburg A,0,0,0,0,0,0,0,0,0,0,0,0,0,0,0,0,0,0,0,0,0,0,0,0,0,0,1,2,0,0,0,1,0,2,1,2,0,2,1,3,2,5,3,9,0,3,7,3,3,4,1,3,4,3,4,10,3,8,6,8,5,5,8,15,7,9,16,24,13,23,21,21,11,17,13,23,11,18,26,28,14,26,34,39,22,35,29,46,35,30,50,46,40,39,47,50
Shanghai American-Puxi A,0,0,0,0,0,0,0,0,0,0,0,0,0,0,0,0,0,0,0,0,0,0,0,0,1,0,2,4,0,0,0,0,0,0,1,6,0,4,1,4,2,2,3,11,2,8,11,22,2,5,3,3,1,4,5,8,5,7,11,10,7,8,13,20,6,12,11,31,15,25,31,47,4,6,14,21,10,15,19,24,13,14,32,42,14,23,30,32,20,32,40,34,40,56,46,45
